ID,post_url,Commentor,Comment,score,Comment_Created
1apvjvd,https://www.reddit.com/r/poetry_critics/comments/1apvjvd/on_enforcing_the_2critiques_per_poem_rule_a/,Unnamed-Sven,"This isn't a bad idea, but I think there needs to be a team of people that work together to cull out people that are over posting, not just individuals at random because you have to go into each person's history and determine if this is a pattern or not, or how to handle one-off times of this happening. A team would be a lot more efficient as well because they could set times throughout the day that they go on and check posts together to allow them to be as thorough as possible.",10,2024-02-16 15:01
1apvjvd,https://www.reddit.com/r/poetry_critics/comments/1apvjvd/on_enforcing_the_2critiques_per_poem_rule_a/,JustLucca,"This is ideal, yes, but we lack available people which we can trust. Would you be willing and able to do that yourself? :)",3,2024-02-16 19:51
1apvjvd,https://www.reddit.com/r/poetry_critics/comments/1apvjvd/on_enforcing_the_2critiques_per_poem_rule_a/,Unnamed-Sven,"That's a shame. Would I be willing to do what myself, I'm not quite sure what you're referring to?",3,2024-02-16 20:05
1apvjvd,https://www.reddit.com/r/poetry_critics/comments/1apvjvd/on_enforcing_the_2critiques_per_poem_rule_a/,JustLucca,"""...there needs to be a team of people that work together to cull out people that are over posting, not just individuals at random...""",2,2024-02-16 21:31
1apvjvd,https://www.reddit.com/r/poetry_critics/comments/1apvjvd/on_enforcing_the_2critiques_per_poem_rule_a/,Unnamed-Sven,"Yeah, I'd be willing to be one of those people.",3,2024-02-17 1:51
1apvjvd,https://www.reddit.com/r/poetry_critics/comments/1apvjvd/on_enforcing_the_2critiques_per_poem_rule_a/,Blue_Robin_Gaming,"Why don't you use a reddit bot? I'm not sure entirely how it would work (cause I need to do a little more dev on the API myself), but I'd assume it'd be a LOT easier to do",3,2024-04-11 22:05
1apvjvd,https://www.reddit.com/r/poetry_critics/comments/1apvjvd/on_enforcing_the_2critiques_per_poem_rule_a/,JustLucca,"This would be optimal, unfortunately I entirely lack the knowledge on that front!

If someone that knew their stuff would be willing to help, that¬¥d be the perfect scenario!

For some reason the old bot we had doesn¬¥t work properly anymore - that¬¥s how things started to get so bad in the first place, partaining to adherance to the rule!",1,2024-04-12 11:03
1apvjvd,https://www.reddit.com/r/poetry_critics/comments/1apvjvd/on_enforcing_the_2critiques_per_poem_rule_a/,Seeking_Singularity,"Heads up to the mods, ""drywall"" by Corsair1824"" in the ""hall of fame"" sidebar leads to a deleted poem.",2,2024-04-10 21:34
1apvjvd,https://www.reddit.com/r/poetry_critics/comments/1apvjvd/on_enforcing_the_2critiques_per_poem_rule_a/,ReVoide1,"This is off-topic, what would it take to become a professional poet? I noticed your flair saying, Professional, I'm trying to find out where I would fit in here.",2,2024-06-06 1:51
1apvjvd,https://www.reddit.com/r/poetry_critics/comments/1apvjvd/on_enforcing_the_2critiques_per_poem_rule_a/,[deleted],"lol this totally didn't work did it? I can't remember the last time I seen a post that actually did have any feedback (but still plenty upvotes/comments, whether they can spell or not) this whole enforced critique thing seems like a lost cause to me. good idea, bad execution",1,2024-06-18 18:18
1apvjvd,https://www.reddit.com/r/poetry_critics/comments/1apvjvd/on_enforcing_the_2critiques_per_poem_rule_a/,JustLucca,"Well, from what I¬¥ve seen it¬¥s certainly improved since then. 

But we¬¥re always striving to improve how we go about things here, so if you have any beneficial input pertaining to that, please let us know! :)

""Enforced"" feedback is necessary, as otherwise there would be no incentive to critique at all, and thus the sub would per principle pretty much be dead (dramatically speaking). So there really is no putting away that approach entirely, I¬¥m afraid.",2,2024-06-18 18:22
1apvjvd,https://www.reddit.com/r/poetry_critics/comments/1apvjvd/on_enforcing_the_2critiques_per_poem_rule_a/,[deleted],"I don't know if it's possible on reddit but allpoetry has a pretty robust system where you write the piece, press post then are taken to a bunch of other recent posts, you have to comment on two of them to finish posting your own, once you do it's published for all to see and comment on freely. failing that maybe some kind of bot that at least checks user posts for hyperlinks or something? honestly I'm just salty from getting deleted all the time (even though I follow the rules, it seems my comments aren't good enough for the mods, need more flowers maybe?) would love to see a sub (or any site) that will actually give criticism beyond ""this is so good"" but it seems increasingly unlikely with this participation trophy culture we've imbibed.",2,2024-06-18 19:32
1apvjvd,https://www.reddit.com/r/poetry_critics/comments/1apvjvd/on_enforcing_the_2critiques_per_poem_rule_a/,JustLucca,"I wasn't aware of rejection/deletion problems pertaining to posts or most feedback - please DM me directly next time it occurs for you and I'll see what's going on! We're certainly not going out of our way to manually delete critiques, we literally just wouldn't have the manpower for that! :P

The allpoetry approach sounds very interesting! I'll investigate this route and see what might make sense for us over here! Thank you, I appreciate it!",1,2024-06-18 21:30
1mw0q9b,https://www.reddit.com/r/poetry_critics/comments/1mw0q9b/your_mobile_solution_silly_informative_poem/,DrJohnsonTHC,This was awesome!!! Thank you!,3,2025-08-26 2:06
1mw0q9b,https://www.reddit.com/r/poetry_critics/comments/1mw0q9b/your_mobile_solution_silly_informative_poem/,Mousermind,I'm glad I could help! \^\_\^,1,2025-08-26 3:18
1mw0q9b,https://www.reddit.com/r/poetry_critics/comments/1mw0q9b/your_mobile_solution_silly_informative_poem/,troellig,Thank you! I was so frustrated with my upload!,2,2025-09-10 1:40
1mw0q9b,https://www.reddit.com/r/poetry_critics/comments/1mw0q9b/your_mobile_solution_silly_informative_poem/,Mousermind,I'm glad I could help! üò∏,1,2025-09-10 14:59
1mw0q9b,https://www.reddit.com/r/poetry_critics/comments/1mw0q9b/your_mobile_solution_silly_informative_poem/,sigma10169,"If you just make sure after every line break there are two spaces it will format correctly. Period is just there to make example obvious you don‚Äôt need to put anything 
Example example example   .      
Nextline",0,2025-08-27 18:41
1mw0q9b,https://www.reddit.com/r/poetry_critics/comments/1mw0q9b/your_mobile_solution_silly_informative_poem/,Mousermind,"Yes, as stated above:

&gt;I'm also including¬†[Neutrinoprism's Quick Guide to Poem Formatting on Reddit](https://www.reddit.com/r/poetry_critics/comments/3lblik/meta_neutrinoprisms_quick_guide_to_poem/)¬†found in the side panel for additional suggestions **(not all of which currently or consistently work).**",1,2025-08-30 2:48
1nuvypg,https://www.reddit.com/r/poetry_critics/comments/1nuvypg/goodbye/,Moonrae2,ü´∂ beautiful,1,2025-10-01 23:42
1nu9o9j,https://www.reddit.com/r/poetry_critics/comments/1nu9o9j/soju/,chowxian,This feels reflective like a travel diary. Brilliant use of soju as a memory. The ending lingers nicely.,2,2025-09-30 11:02
1nu9o9j,https://www.reddit.com/r/poetry_critics/comments/1nu9o9j/soju/,starlessspace,"I really enjoyed this poem, the stream-of-consciousness style makes it feel raw and reflective. The story is clear and easy to follow, and the sensory details work well. Adding a few more sights, sounds, or textures could make the scene even richer.

Hope this helps and happy writing!",2,2025-09-30 13:07
1nu9o9j,https://www.reddit.com/r/poetry_critics/comments/1nu9o9j/soju/,maybeillcatchfire22,"For me, the return to smoking the cigarette after quitting and the memory of the soju which accompanies it, show this person is slightly down or haunted by the memory.

I like how it pops in at the end, like they are reminiscing without being too on the nose.",1,2025-09-30 13:35
1nuoshd,https://www.reddit.com/r/poetry_critics/comments/1nuoshd/help_me_pleaseee/,myghadd,"idk why the line breaks are weird, probably forgot to edit it. it should look like this üòì

https://preview.redd.it/4lqsuw0g7dsf1.jpeg?width=1080&amp;format=pjpg&amp;auto=webp&amp;s=830359a2753807a806d3870cca7575ec84a4b1c1",1,2025-09-30 20:49
1nuoshd,https://www.reddit.com/r/poetry_critics/comments/1nuoshd/help_me_pleaseee/,Ladiesman_8892,You have to add double space at the end of each line,1,2025-10-01 10:45
1nuoshd,https://www.reddit.com/r/poetry_critics/comments/1nuoshd/help_me_pleaseee/,Rorqual_Zen,"Lots of really great language, but this is a doozy to address really. I'm not opposed to delving way into it, but considering that it's your spoken word presentation idea, I suppose you're looking for either shallow or very particular kinds of feedback that aren't focused on how you may need to develop as a poet later on. That can be difficult, but perhaps interestingly, whether or not this is a good poem to use in a spoken word contest has gotta depend on how old you are + the type of contest. That might sound odd, however the presentation of art is everything, and full context in that situation is \* critical \*. I'll explain.

I know there's pretty much no way you're in middle school, but say if you were, this would be a totally outstanding poem to consider reading, and everything would depend on your execution (actual confident reading, like actors do on stage basically). In middle school, people aren't usually capable of writing artsy stuff like this, and it doesn't matter when certain aspects may be 'over the top' from an adult's perspective. In other words just the fact that you're writing like this will be impressive and cool to everyone unless you are not even slightly confident, because then it can seem like a 'try hard' thing.

Alright, so then we'd have high school where the crowd will be divided to some degree, and your execution reading out loud would simply matter a little more. For example, you could purposefully sound grand, fancy and colorful like a Shakespeare actor, partially making a joke out of how words like ""befall"" will sound, and I can imagine a few ways where good-to-great performance can make you a serious contender. Anywhere above high school level however, this won't really fly the way it is, because adults will expect structural refinement + sensitivity to how things will sound socioculturaly, phonetically and so on. Like, a room full of 18 year olds should have a pretty good sense for it, even if they have no idea why, but I could be giving them too much credit, bumping my point over somewhere between 18 and 24 maybe.

If you're an adult and thinking about doing this at a local poetry slam where the competition will be normal or good as a matter of curation, then my usual style of critique would probably come into play, because it'd be directed at your presented/apparent skill level and ways to help you improve in new poetry writing attempts over time. Lines like ""In the comfort befalling at dusk, it begins"" are flippin' sweet for a middle school student to bring up and try executing, but I think something like ""In the comfort of dusk it begins"" would be better \* shrugs \* The word befalling is kind of a stretch, especially because it's rather elevated formal language, setting a tone that can be hard to follow up.

The next thing to me is phonetic tone, because ""crickets speak"" would be difficult to say out loud well for many people. I won't carry on because I'm not sure it's relevant, and what I've said so far looks like quite a bit of potentially useful framework.",1,2025-09-30 22:37
1nuoshd,https://www.reddit.com/r/poetry_critics/comments/1nuoshd/help_me_pleaseee/,Confident-Till8952,"Some of the use of language and phonetics is interesting. At times, it comes across as ‚Äútrying to sound poetic‚Äù when regular (closer to actual thoughts or speaking voice) grammar could be used.

However, I don‚Äôt want to discourage linguistic constructions.

I think a comma is due after this line

during these curtain fallen hours,

This allows this line to be packaged as one idea. The ‚Äúcurtain-fallen hours‚Äù being the focus.

I lay,

i sense the cold, unfeeling, and brief this breeze, like a ghostly touch trace up my thigh and caress my grief

So whats the significance of these references to anatomy?

The portrayal of this sequence through anatomy seems like a sexually charged gaze. Even if its of low intensity.

Also why grief?

Why is a cold wind caressing up a thigh?

Why are the linens breaking?

Also why is the ‚Äúup-thigh‚Äù so warm by contrast?

Tbh, I‚Äôm not saying this is true, but it comes across as the use of sensuality for the purpose of gaining edge.

As apposed to building atmosphere.

But the use of ‚Äúbrief‚Äù as a verb is pretty cool.

(I would omit the preceding ‚Äúand‚Äù)

The line itself, is a little questionable 

Also herein lies‚Ä¶ a decent opportunity to build upon themes of primordial energies, biology, nature, growth‚Ä¶

Is there a gender to this mc? 

womanhood‚Ä¶ maybe?

to cocoon with linens breaking at the seams brewing myself in the warmth of me

(Of me, I think is one if these unnecessary poeticisms)

(Just warmth, I think lands well)

as the ocean reaches for the moon, await for dawn for the sun is set to return and crickets retire to sleep

I do see some rhythm here. Some phonetic cadence. 

This sort of relaxed, serene, whimsy‚Ä¶ 

Cadence uniting with theme + atmosphere is a good idea‚Ä¶ 

However, it‚Äôs a little confusing. 

So you leave the original scene. Which, seems to have themes of domesticity.

In order to transition To the ocean.

So AWAIT for dawn.

Feels like a beckon to the audience, no?

Perhaps, AWAITING the dawn‚Ä¶ keeps the ocean as the subject. Some continuity with the personification of nature. ‚ÄúThe ocean reaching.‚Äù

So this is where it gets a bit more confusing

await for dawn for the sun is set to return and crickets retire to sleep

So the ocean waves.. are awaiting dawn‚Ä¶ then awaits sun set‚Ä¶.

So ‚Äúreturn‚Äù feels a little redundant here.

Crickets retire to sleep.

Whats the significance of ‚Äúretire‚Äù here?

Also why are the waves reaching towards the moon?

Its a little confusing because here we have ocean waves‚Ä¶ waiting not just for dawn, but for another sunset, then a random closing line about crickets going to sleep‚Ä¶ so essentially a waiting sequence that lasts a whole 24 hrs‚Ä¶

Why? Why is the ocean in a perpetual state of waiting for something that already is happening?

The ocean waits for sunset, then dawn‚Ä¶

Is this an intentional metaphor for something? Is the confusion intentional?

Basically you have these things built around a paradoxical waiting of the ocean..

Ocean waves, the moon, dawn, then sunset, crickets go to sleep

It just doesn‚Äôt feel quite intentional or meaningful yet.

but alas, the daybreak brings about not salvation as a lone cymbal awakes and cicadas sing

(But, alas? Feels like another ‚Äúpoeticism‚Äù) (Brings about not‚Ä¶)

So FINALLY.. the daybreak doesn‚Äôt bring salvation‚Ä¶..

Ok.. here we are at daybreak ALAS‚Ä¶ after all this waiting‚Ä¶ but no salvation here‚Ä¶ ok

So the long awaited non salvation serving daybreak is akin to a solo cymbal bring played, which wakes up crickets?

Or rather the emanation of the cymbal is what happens next. 

So why are cicadas a counterpart to crickets? 

What do you feel this represents? 

From cold air, up thigh, grief, cold-warm, night time currents drawn, bed time, crickets going to sleep

To 

A solo cymbal note, cicadas, daybreak, no salvation

Please, explain to me.

What are you trying to say? What are the themes? What are the meanings of this piece?

If you write these things down, in plain English. Perhaps you could explore another way of constructing it.

What I gather is‚Ä¶

Someone who waits for the next best thing and cannot appreciate the present moment or what already is.

Time passes them by, as they keep looking forward in a paradox of continual discontent.

Overlooking beauty. Pertaining to simple circadian rhythms and self care.

Then how does this tie back into the invasive cold air caresses a person‚Äôs grieving private parts?

Is it like the person is trying to invite some shocking truth, through self reflection, on how to move forward after a traumatic event?

Why the lone cymbal?

I think with some more distinguished intentions, and different grammar particles.. this could come together in a beautiful way.

Meaning with more clarity, but not at the expense of atmosphere. Or dream-like ambiguity, if thats what you want.

But, most importantly, what do you think? What were your intentions?

Edit: I may have read that wrong.

The sun is set to return. Is another depiction of dawn/day break.

In this case the emotionality I get, from first read,

Is like an atmosphere of continual grief. A state of mind, that alters from day to night. But essentially cannot be easily shaken. Or just reoccurs.

This person goes through the natural and casual mood swings day to day. But all within this world of gnawing discontent. Where bliss, euphoria, and appreciation of simple beauties and domestic comforts is the bandaid or escape. 

Also‚Ä¶ I try to schedule time to speak to you. 

But, I also take breaks from literature. Some space and time away from the work, helps me to realize things I was missing. 

I will work on something, take break. Maybe just do absolutely nothing. Somewhere between meditation and nap. 

Haha just see how restful I can get my body to be. 

Or I go for a walk. 

Its like

Literature, rest, literature, rest‚Ä¶walk, literature‚Ä¶ relax‚Ä¶ sleep",1,2025-09-30 22:55
1nuoshd,https://www.reddit.com/r/poetry_critics/comments/1nuoshd/help_me_pleaseee/,Cle_ba,"I may be biased because I feel like this poem really  captures that feeling between summer and autumn that I really relate to. That feeling of uncertainty and the ‚Äúin between‚Äù. I love that feeling. 

But I also feel like some of it is supposed to be  metaphorical but doesn‚Äôt actually make much sense. You refer to the ‚Äúocean reaches the moon‚Äù but before u spoke about ‚Äúto cocoon with lines braking at the seams brewing myself in the warmth of me‚Äù. I feel like there‚Äôs not much correlation between those lines. 

However, overall I think it‚Äôs beautiful. I just think you need to make sure there is clarity through out :).",1,2025-10-01 0:07
1nuoshd,https://www.reddit.com/r/poetry_critics/comments/1nuoshd/help_me_pleaseee/,Cle_ba,But I also just write lines and poetry that isn‚Äôt the ‚Äústandard structure‚Äù. I don‚Äôt conform to how poetry is supposed to be written- in terms of punctuation and rhythm. Sometimes poetry can be messy and beautiful and doesn‚Äôt have to conform. That what makes it beautiful.,1,2025-10-01 0:09
1nuoshd,https://www.reddit.com/r/poetry_critics/comments/1nuoshd/help_me_pleaseee/,Akickstarrabbit,The best line is :: curtain fallen hours I lay,1,2025-10-02 0:21
1nteawm,https://www.reddit.com/r/poetry_critics/comments/1nteawm/if_ghosts_were_real/,Background_Weight926,this is so touching,2,2025-09-29 15:00
1nteawm,https://www.reddit.com/r/poetry_critics/comments/1nteawm/if_ghosts_were_real/,nothingbutsmoke,Thank you!,1,2025-09-30 21:24
1nteqrw,https://www.reddit.com/r/poetry_critics/comments/1nteqrw/wrote_this_poem_for_my_female_friend_she_was/,Fit_Examination_3613,The simplicity and few words used makes it very powerful and interesting and has me trying to read between the lines. Great poem,1,2025-09-29 23:42
1nteqrw,https://www.reddit.com/r/poetry_critics/comments/1nteqrw/wrote_this_poem_for_my_female_friend_she_was/,Altruistic-Raise-579,Thank you so much mate...!,2,2025-09-30 9:07
1nteqrw,https://www.reddit.com/r/poetry_critics/comments/1nteqrw/wrote_this_poem_for_my_female_friend_she_was/,nai-cha,"Has she seen this? If so, what was her reaction? This was beautifully written, and easy to digest. What an honor to have someone write you a poem ü§ç I hope she feels better, and I hope you keep writing ü§ç",1,2025-09-30 5:35
1nteqrw,https://www.reddit.com/r/poetry_critics/comments/1nteqrw/wrote_this_poem_for_my_female_friend_she_was/,Altruistic-Raise-579,"Thank you so much! :D 

and she said this!  
""Omg ü•∫ this literally made me tear up‚Ä¶ I don‚Äôt think anyone has ever written something so beautiful for me. The way you described me as the droplet creating waves‚Ä¶ I can‚Äôt even explain how much that means. Thank you for making me feel seen and reminding me of my own strength. I‚Äôll never forget this, truly, It's so damn good""",1,2025-09-30 9:07
1nteqrw,https://www.reddit.com/r/poetry_critics/comments/1nteqrw/wrote_this_poem_for_my_female_friend_she_was/,nai-cha,"Aww you guys have such a precious friendship! May you both overcome every hurdle that comes your way, and find each other‚Äôs light everytime the other one is stuck in darkness ü§ç",1,2025-09-30 13:03
1nut5gp,https://www.reddit.com/r/poetry_critics/comments/1nut5gp/untitled/,Economy-Damage1870,Love the simplicity,1,2025-10-01 0:38
1nut5gp,https://www.reddit.com/r/poetry_critics/comments/1nut5gp/untitled/,Kat_Stratford_,"This conveys emotion so simply,¬† yet so beautifully.",1,2025-10-01 1:32
1nut5gp,https://www.reddit.com/r/poetry_critics/comments/1nut5gp/untitled/,chowxian,"I like the repetition of ""I tried.."" steering the reader into feeling the persisting grief. ""Lolo"" personalizes it, making it about the speaker's grandfather, rather than an abstract concept. Mentioning the favorite food itself might add a stronger sensory detail.",1,2025-10-01 8:28
1ntyrre,https://www.reddit.com/r/poetry_critics/comments/1ntyrre/angry_child/,Outrageous-Emu373,"Amazing. Truly, it flows well, the metaphorical language is genius and the story is poetic",1,2025-09-30 0:28
1ntyrre,https://www.reddit.com/r/poetry_critics/comments/1ntyrre/angry_child/,goodenough4now,"'fury folds her inwards' is so good!! I've been trying to access more anger sentiments in my writing (and life) and this is really excellent sort of emotional fodder that gets into the texture of the experience.

i feel like theres moments in the poem i find almost confusing in a way i enjoy, there's a nice amount of withholding that gives some storyline/context but still leaves me feeling a bit outside. like looking through a hazy glass at something. I like it!

  
My one feedback would be about the title, but that's just my own thing; i like when a title is less a description of the poem itself, and more something that sets the tone for what's happening. i've read that the best titles are like cocking the gun, and the poem is the bullet.",1,2025-09-30 5:58
1nu25a2,https://www.reddit.com/r/poetry_critics/comments/1nu25a2/the_boy_i_left_behind/,theamaraelise,"I don‚Äôt instantly understand exactly what it‚Äôs about. I like the flow. It‚Äôs kinda romantic. Sounds like a warm posh voice should be reading it 

One for reading a bit more to understand I think",1,2025-09-30 15:05
1nvpwo5,https://www.reddit.com/r/poetry_critics/comments/1nvpwo5/i_should_have/,Alert_Permission2418,"I am in awe infront of your poem. It is very rich in emotions, from yearn to guilt to regret, you make your reader feel every single one of them so vividly. I applaud you as your work is truly a piece of art.",2,2025-10-02 2:38
1nvpwo5,https://www.reddit.com/r/poetry_critics/comments/1nvpwo5/i_should_have/,CryptographerHot1736,"Thank you so much for reading, commenting and resonating with my words and emotions. I really appreciate it.",1,2025-10-02 4:03
1nv2qri,https://www.reddit.com/r/poetry_critics/comments/1nv2qri/drowning/,ceapDSP_,Very somber but beautiful at the same time I really like it,2,2025-10-01 11:57
1nv2qri,https://www.reddit.com/r/poetry_critics/comments/1nv2qri/drowning/,chowxian,Thank you.,1,2025-10-02 2:59
1nu1uck,https://www.reddit.com/r/poetry_critics/comments/1nu1uck/first_love/,Kat_Stratford_,This is really good! It captures the emotion so well,1,2025-09-30 3:38
1nu1uck,https://www.reddit.com/r/poetry_critics/comments/1nu1uck/first_love/,sisyphussreality,Something we all find relatable in the worst of times.,1,2025-09-30 10:22
1nu1uck,https://www.reddit.com/r/poetry_critics/comments/1nu1uck/first_love/,roversky,Beautiful ‚ù§Ô∏è and I totally relate. Thanks for sharing OP üåª,1,2025-10-01 19:31
1nu1uck,https://www.reddit.com/r/poetry_critics/comments/1nu1uck/first_love/,roversky,Beautiful ‚ù§Ô∏è and I totally relate. Thanks for sharing OP üåª,1,2025-10-01 19:33
1nubtfv,https://www.reddit.com/r/poetry_critics/comments/1nubtfv/can_you_make_her_stay/,Rorqual_Zen,"Good exploration, good context, great theme. Umm, not a lot else jumps out, which can sometimes be a 'me problem' when I'm addressing rhyming poetry. After your lines

But you stare into those eyes,  
and realise then and there,  
The damage is done,

I was thinking a rhyme is about to kinda swing in and shift the context explanation phase here, and it did, which isn't exactly bad it just appears a tad silly when there's momentum involved explaining something that sounds pretty charged. And I mean, sure it does add a little more context (much beyond repair), but you can probably see my point about artistic presentation dropping in quality somewhat only to land the rhyme.

Now I'm not suggesting you aren't already aware of this, so quite possibly you felt limited by a self-imposed need to rhyme; the thing is, I don't think there is a trick to avoiding the problem, rhyming is just kinda weird/particular to try doing, because you have to mull over options constantly. If you like it, I hope that's a good 'case in point' example of how things can go awry and dilute the possibility of an evocative, charged climax to your poem. If you aren't sure, I would highly recommend choosing not to rhyme in the future whenever you may be into that.

I think line 16 is where I figured well, that's cool/interesting language, but maybe rather clunky with ""remains"" + ""panes"" rhyming execution. I know that this kind of thing is subjective in a number of cases - like, who might feel like their thought process just tripped over a rhyme, and who might not. I would suggest practical objectivity (kinda statistically speaking) is always something to consider. Especially since you are obviously roughly the opposite of a Postmodernist. This poem is very formal and rigid compared to loads and loads of Postmodern styles you might choose from, create, and hybridize with others, so... I think pointing these things out is my best feedback.",1,2025-09-30 22:06
1nubtfv,https://www.reddit.com/r/poetry_critics/comments/1nubtfv/can_you_make_her_stay/,Much_Tree4267,"I fully agree with you. Sometimes, my mind does stumble upon rhymes which sound good, fit the context, and add something. But oftentimes I find myself searching for rhymes before even deciding what I want to write. So its almost like I'm basing my poems on the rhymes rather than vice versa. My mind has started associating poetry with rhyming, rather than actual exploration of an emotion or feeling. So yeah I will be doing something to change that. Thanks for the feedback!

Oh and also that 'glass panes' line is a reference to when someone comes to visit you in jail, and you talk to whoever it is with a glass pane in between.",1,2025-10-01 7:43
1nubtfv,https://www.reddit.com/r/poetry_critics/comments/1nubtfv/can_you_make_her_stay/,Rorqual_Zen,"Comment reply #2:

A waning truth in the distance.  
This once was a sweet monotony -  
Gardens of beauty,  
For I remember a callow child tugging  
at me,  
Inviting me to revel in it‚Äôs arbour.



The shadows whose peripheries  
I had so vehemently traced  
as bearers of shame, of obscurity,  
Portents murmuring in the dark -  
Groaning in a maimed past,  
but you adorned them. You were  
rapturous, and so I was incandescent.

We talked of those whose bones we had  
worn, under dwindling sunsets,  
And parts of us that had atrophied,  
I waned until I befitted the reflection in your eyes.

But these are mere glimpses now,  
A clandestine pirouette on your  
rings of light,  
A silence like the awaiting of the night.  
Now I see that guileless child  
Pass me by like an omen;

But I am in the arbour of love.  
For you had beckoned me-  
To be the tenet of your night-  
I have just come in the form of my waning life.  
Just to listen to you whisper,  
To hear the remnants of our past,  
O but for the doleful silence -  
The ceaseless silence on the morrow.

(Written earlier this year. I think the end could have been a lot better, however I say that to a large extent because she often totally thunderstrikes me at the end by suddenly alluding to whatever the heck she was able to view through multiple thematic landscapes).",1,2025-10-01 22:44
1nubtfv,https://www.reddit.com/r/poetry_critics/comments/1nubtfv/can_you_make_her_stay/,Cle_ba,"This kinda poetry is fulled and driven by emotion. That‚Äôs why‚Äôs it‚Äôs so profound and as another comment said ‚Äúrigid and formal‚Äù. It‚Äôs because when you‚Äôre writing the words, you‚Äôre writing with so much passion and emotion. That‚Äôs what I love about poetry, that even though it can be messy at times, it‚Äôs still so profound. 

But what I find myself, that what I‚Äôm writing is powered by such strong feeling, you continue to just write whatever you‚Äôre thinking . So without thought you just express what you feel, then it can come across like it‚Äôs lacking organisation. 
But this is not a bad thing , this is what I love about creativity and art. When it‚Äôs driven by love it‚Äôs always so beautiful.",1,2025-10-01 0:31
1nubtfv,https://www.reddit.com/r/poetry_critics/comments/1nubtfv/can_you_make_her_stay/,Much_Tree4267,"Thanks for the kind words! I did sort of write whatever came in my mind and went from there.  
Creativity and art are truly beautiful, especially poetry - being the only way we can express through words what can be felt, and in my humble opinion, messy, all-over-the-place (often sleep deprived) creativity is one of the most graceful forms of art. It allows the feeling to bleed over the piece. Not to discredit non sleep deprived art though.",1,2025-10-01 7:56
1nu55lv,https://www.reddit.com/r/poetry_critics/comments/1nu55lv/grit_calibrations/,Kat_Stratford_,Wow!,2,2025-09-30 6:02
1nu6k1t,https://www.reddit.com/r/poetry_critics/comments/1nu6k1t/maybe_your_only_in_my_dreams/,sisyphussreality,"I really like this one a lot. It has this strong sense of unrequited love, which shows in reality as a nightmare, yet brain in the dreams creates a fantasy.",1,2025-09-30 10:33
1ntqtsh,https://www.reddit.com/r/poetry_critics/comments/1ntqtsh/the_yellow_between_us/,New_Muffin9649,"This one has such a honest voice that really captures the ache of  love. You might try giving it a stronger ending though, so the last line hits as hard as the feelings leading up to it.",1,2025-09-29 20:27
1ntqtsh,https://www.reddit.com/r/poetry_critics/comments/1ntqtsh/the_yellow_between_us/,thornsandfeelings,Thank you for your feedback,1,2025-09-29 21:04
1ntqtsh,https://www.reddit.com/r/poetry_critics/comments/1ntqtsh/the_yellow_between_us/,Thin_Housing,"‚ÄúSuffered in the silence of your love.‚Äù Is a great line, Thanks for sharing this, really enjoyed it :)",1,2025-09-29 21:07
1ntqtsh,https://www.reddit.com/r/poetry_critics/comments/1ntqtsh/the_yellow_between_us/,thornsandfeelings,Thank you :),1,2025-09-29 21:08
1nuqaq4,https://www.reddit.com/r/poetry_critics/comments/1nuqaq4/give_me_some_gas/,_noideawhyimhere_,"First half is really good, lost me at the multiverse i like the ending though",1,2025-09-30 22:04
1nuqaq4,https://www.reddit.com/r/poetry_critics/comments/1nuqaq4/give_me_some_gas/,annabhoney,thank you!,2,2025-09-30 22:08
1nuqsqc,https://www.reddit.com/r/poetry_critics/comments/1nuqsqc/interview_with_the_rock/,Rochester_II,https://preview.redd.it/bokyo5ghghsf1.jpeg?width=640&amp;format=pjpg&amp;auto=webp&amp;s=3f99cdc0f3dd5c15967769a00c560312e86daf1a,2,2025-10-01 11:08
1nuqsqc,https://www.reddit.com/r/poetry_critics/comments/1nuqsqc/interview_with_the_rock/,_noideawhyimhere_,it came to me in a dream,1,2025-10-01 12:08
1nthoaj,https://www.reddit.com/r/poetry_critics/comments/1nthoaj/the_dark_between_sparks/,Huge-Pineapple5434,"Cadence and meter are there, so it's written good. I think it's about how everything is transient? But it's way, way too long",2,2025-09-29 17:07
1nthoaj,https://www.reddit.com/r/poetry_critics/comments/1nthoaj/the_dark_between_sparks/,Low-Replacement-5529,"It‚Äôs intended to be a never ending poetic exercise. The parameters are apparent:¬†

- first word is singular
- second word is plural
- both words are single syllables
- no word can be used twice
- every other line ends in a rhyme
- must be coherent

Try it. It‚Äôs fun.¬†",2,2025-09-29 21:29
1nthoaj,https://www.reddit.com/r/poetry_critics/comments/1nthoaj/the_dark_between_sparks/,Huge-Pineapple5434,"Oh, now it makes sense!  


The ties between rails  
The sky between wires  
The gap between panes  
the road between tires  

The chord between notes  
The glance between leads  
The clash between swords  
The aisle between seats  


(yeah, it is fun)",2,2025-09-29 22:45
1nthoaj,https://www.reddit.com/r/poetry_critics/comments/1nthoaj/the_dark_between_sparks/,Low-Replacement-5529,"Yep! I had the 1st and 3rd lines rhyme as well as the 2nd and 4th, so something like this:  

The ties between rails. (Good one!)  
The sky between wires.  
The wind between sails.  
The road between tires.  

I also appreciate that your stanza is all about infrastructure.",2,2025-10-01 10:27
1nthoaj,https://www.reddit.com/r/poetry_critics/comments/1nthoaj/the_dark_between_sparks/,thornsandfeelings,"It‚Äôs very consistent, but lacks a bit of flow because every verse starts with ‚ÄòThe‚Äô but clearly that‚Äôs what you‚Äôre going for! But I like it :)",2,2025-09-29 18:59
1nthoaj,https://www.reddit.com/r/poetry_critics/comments/1nthoaj/the_dark_between_sparks/,Low-Replacement-5529,Removing the word ‚Äúthe‚Äù didn‚Äôt occur to me. It¬†flows better without. Thanks for pointing that out.,1,2025-09-29 21:40
1nthoaj,https://www.reddit.com/r/poetry_critics/comments/1nthoaj/the_dark_between_sparks/,Thin_Housing,"I actually really like the concept, Of ‚Äúthe‚Äù being the start of each sentence, but it‚Äôs probably a touch too long for it to have its full bite for me personally. Really good though, thanks for sharing :)",2,2025-09-29 21:06
1nthoaj,https://www.reddit.com/r/poetry_critics/comments/1nthoaj/the_dark_between_sparks/,Low-Replacement-5529,That‚Äôs what she said.,2,2025-09-29 21:42
1nthoaj,https://www.reddit.com/r/poetry_critics/comments/1nthoaj/the_dark_between_sparks/,Other-Okra6375,I think the form is usually suited to fewer stanzas.,1,2025-09-29 19:27
1nthoaj,https://www.reddit.com/r/poetry_critics/comments/1nthoaj/the_dark_between_sparks/,GoodGirlsStand,"Reading your other comments, I see you are working with a specific form here. Seems like you pulled it off! I like the nouns you chose. They‚Äôre punchy.

One thing I‚Äôll observe about this form: it continues, but it doesn‚Äôt build on itself. No forward momentum. Which would be fine! Not all poems need to build. But as others have said, the length is an issue. I would cut.

You did something really cool here, and I think it is mostly done! Love to see a new form.",1,2025-09-29 22:47
1nthoaj,https://www.reddit.com/r/poetry_critics/comments/1nthoaj/the_dark_between_sparks/,Low-Replacement-5529,"The length is intentional. It strips away certainty, reciting absence after absence until the reader is staring at the void that ties everything together. it makes us grieve the fact that recognition happens in the gaps.",1,2025-10-01 10:34
1nuvsv8,https://www.reddit.com/r/poetry_critics/comments/1nuvsv8/a_year/,chowxian,"The poem's register and bittersweet tone is beautiful. Could benefit more imagery. As the reader, I was left wondering what happened to the king.",1,2025-10-01 8:18
1nuvsv8,https://www.reddit.com/r/poetry_critics/comments/1nuvsv8/a_year/,Kat_Stratford_,I don't even know myselfüòÜ. That is what happens at 3 a.m.,1,2025-10-01 13:27
1nuvsv8,https://www.reddit.com/r/poetry_critics/comments/1nuvsv8/a_year/,LimitUsed2273,üî•üî•üî•,1,2025-10-01 16:16
1nuvsv8,https://www.reddit.com/r/poetry_critics/comments/1nuvsv8/a_year/,Kat_Stratford_,Thanks,2,2025-10-01 18:37
1nugdl9,https://www.reddit.com/r/poetry_critics/comments/1nugdl9/rosary/,Economy-Damage1870,Is the rosary connecting link between the bones and the church?,1,2025-10-01 0:38
1nvhy60,https://www.reddit.com/r/poetry_critics/comments/1nvhy60/down_and_low/,BrockDestroyer,"I like it, I feel like some separation would do it good and make it seem more scattered",1,2025-10-02 1:42
1nvdnte,https://www.reddit.com/r/poetry_critics/comments/1nvdnte/selfpublishing/,PristineClassic2458,"A man who plans their own potential has potential to be bit in the hand.

Otherwise, everyone needs to be outside as much as possible to draw inspiration not for their works but how to survive/thrive a world that we live in. By outside I do not mean go to another county for a vacation but see as much as the states as you can to see how divided we truly are as the ‚ÄúUnited States‚Äù. So instead now I tell you. 1.Never give up, 2.take a step back, 3.manuscript, 4.edit throughout life to make a masterpiece.

Some may find what I say off topic, the rest know exactly what I‚Äôm conveying and trying to deliver.",2,2025-10-01 18:19
1nvdnte,https://www.reddit.com/r/poetry_critics/comments/1nvdnte/selfpublishing/,[deleted],[deleted],1,2025-10-01 19:01
1nvdnte,https://www.reddit.com/r/poetry_critics/comments/1nvdnte/selfpublishing/,Odd-Apartment-4971,go touch some grass lol,1,2025-10-01 19:28
1nvdnte,https://www.reddit.com/r/poetry_critics/comments/1nvdnte/selfpublishing/,PristineClassic2458,Ok when?,1,2025-10-01 19:43
1nvdnte,https://www.reddit.com/r/poetry_critics/comments/1nvdnte/selfpublishing/,[deleted],[deleted],1,2025-10-01 17:26
1nvdnte,https://www.reddit.com/r/poetry_critics/comments/1nvdnte/selfpublishing/,Odd-Apartment-4971,I don't get what you mean,1,2025-10-01 17:46
1nvdnte,https://www.reddit.com/r/poetry_critics/comments/1nvdnte/selfpublishing/,[deleted],[removed],1,2025-10-01 19:27
1nvdnte,https://www.reddit.com/r/poetry_critics/comments/1nvdnte/selfpublishing/,AutoModerator,"Linking to a user profile page is not permitted.

*I am a bot, and this action was performed automatically. Please [contact the moderators of this subreddit](/message/compose/?to=/r/poetry_critics) if you have any questions or concerns.*",1,2025-10-01 19:27
1nvdnte,https://www.reddit.com/r/poetry_critics/comments/1nvdnte/selfpublishing/,Rorqual_Zen,"Good question. This here sub is unlikely to have a relevant perspective, but I suppose it could happen, so actually half the reason I'm commenting is to 'bump' your thread in case that helps with visibility. One idea though. Then I have a few messy thoughts lol ChatGPT may be capable of running a big interweb search to find what genres/types of poetry books are actually selling well (are they?). Say if it's children's poetry, my personal vague idea is like ""Yes, pictures = useful"". Then if it's abstract poetry, my vague idea is like ""Yesss, abstract impressionist weird painting would be cool"". That also depends on the kind of abstract poetry, as well as the kind of painter you are (hence your bodies of work practically interacting). If it's mostly landscape stuff, even impressionist-inspired, I don't personally suspect that would be in demand, but maybe there's a big French market for that among housewives or something, making it cool again? Food for thought.",1,2025-10-01 23:44
1ntw57o,https://www.reddit.com/r/poetry_critics/comments/1ntw57o/searing_my_flesh/,goodenough4now,"The poem is very evocative, the language is intense and striking. I feel a bit like I want it to continue though, it feels like a snapshot of a larger journey, it emerges in a moment and then freezes, i'd like the writer to adventure more in this hell, explain or give a bit more of it's texture.",1,2025-09-30 6:03
1nudqf5,https://www.reddit.com/r/poetry_critics/comments/1nudqf5/shakespeare/,Vesurel,"This is so sweet, thanks for sharing. I think the minimalism really works here, you accomplish a lot of characterisation in the few details you choose to include and you create a really tender moment between the narrator and the person they're addressing.

I don't know Shakespeare super well, so is this referencing an actual play or did you make up the details? If it's the first is the specific play significant to your story, like are you trying to say something about how the narrator met their partner in the plot points that happen in the play? If so I think there's some fun potential to build on that. Whoever's if you've made up a fake shake spear sounding plot that would be fun too, characterising the narrator as someone ignoring the play to focus on their partner. 

Either way this is nice.",2,2025-09-30 14:20
1nudqf5,https://www.reddit.com/r/poetry_critics/comments/1nudqf5/shakespeare/,maybeillcatchfire22,"Thank you for your response and taking time to read it. 

It doesn't reference a particular play but we had seen a few of them, and many always ended up with a ""misunderstanding"" amongst the language used of the time, so thought it would be fun to riff off of that!

Like other new to poetry here and have been jotting down ideas and expanding them into poems, just for fun. So thanks for appreciating it!",2,2025-09-30 14:30
1nudqf5,https://www.reddit.com/r/poetry_critics/comments/1nudqf5/shakespeare/,Vesurel,"I like the idea of making up a fake play, there's possibly room to double down on the details then to reinforce the joke, specificity can help with impact.

Like instead of her just escaping, you could make up a specific way like 'but she jumped out a window' or 'but she left disguised as a nun'. Keep the minimalism and the brevity which work well but be more specific, maybe instead of her being the daughter of a prince, she's the daughter of the prince of Mesopotamia (doesn't have to be that but see how being specific says something about her?).",1,2025-09-30 14:53
1nudqf5,https://www.reddit.com/r/poetry_critics/comments/1nudqf5/shakespeare/,GoodGirlsStand,"Ok this is great. The energy here, the sparse lines, the banger ending‚Äî all working together in harmony. I thoroughly enjoyed it. 

The only place where it sags a little is the description of the play. It feels generic where the rest of the poem is specific. I would EITHER invent more unusual details OR use an actual play(s) by Shakespeare. Allusion isn‚Äôt a bad thing.

But yeah. This is nearly done. Very good poem!

And calling it ‚ÄúShakespeare?‚Äù You have a nerve‚Ä¶ in the best sense.",2,2025-09-30 16:47
1nudqf5,https://www.reddit.com/r/poetry_critics/comments/1nudqf5/shakespeare/,maybeillcatchfire22,"Haha thank you very much. Yes I was trying to portray some common themes or scenarios from Shakespeare - I am certainly no expert. But I agree - I may tweak it and snip out some scenes or plots from an actual play - maybe even the one we saw!

Thanks you for taking the time to read. Appreciate constructive feedback, it means a lot when starting out!",1,2025-09-30 17:17
1nudqf5,https://www.reddit.com/r/poetry_critics/comments/1nudqf5/shakespeare/,GoodGirlsStand,"Do know Twelfth Night? That is a truly ridiculous play. Might be up your alley?

And yeah, starting out can be hard! Please keep going though‚Ä¶ you have an ear. That‚Äôs hard to teach.",2,2025-09-30 18:06
1nudqf5,https://www.reddit.com/r/poetry_critics/comments/1nudqf5/shakespeare/,maybeillcatchfire22,"Thank you and I will look it up, I've heard of it but like most Shakespeare probably went over my head! 

Thanks again and yes I'll keep at it for the fun. I gave up smoking recently and I find this a good distraction from cravings. Turning things over, trying to delve into one line memories or ideas etc.",1,2025-09-30 18:20
1nudqf5,https://www.reddit.com/r/poetry_critics/comments/1nudqf5/shakespeare/,GoodGirlsStand,"It‚Äôs one of the ones with cross-dressing haha. 

I also quit smoking! Cigarettes turn up in my poems quite a bit‚Ä¶ boy they sure haunt you. It‚Äôs honest-to-God worth it to quit though. I‚Äôll post a cigarette poem soon in solidarity!",1,2025-09-30 18:29
1nudqf5,https://www.reddit.com/r/poetry_critics/comments/1nudqf5/shakespeare/,Rorqual_Zen,"I always like to read the comment section too, and whenever I may swoop over and reply to another person's comment with the Expert title, it always involves the potential for what I'm doing to look like either a 'white knight' move, or not-so-useful pot stirring. I therefore like to be overt about my awareness of these potential factors. Now I do not necessarily intend to disagree with GoodGirlsStand in this situation, however my opinion is that helping to make sure you understand what it is you're doing may be a lot more useful than saying this poem is very good/great generally speaking; and ideally what I just said will make crystal clear sense.

Sparse lines that 'do a lot' are generally quite nice in poetry, and relatively rare, but it depends on what kind of style/person. For example, intensely abstract poets I've noticed may tend to do it more often as a specific (intended or subconscious) attempt to add space or flow. With that being said, if we look at your first few lines without breaks, it should be very clear that the wording is letter-like 'plain language' (prose):

""Remember when we went to watch that play performed outdoors - and we'd made a point of reading up on Wikipedia what it was about. Because what we knew would happen - happened.""

Punctuation is fair enough, especially with line breaks, so I like it btw. I would say my point is going to be rather obvious to many readers in the beginning, and somewhere around your line ""was due to marry"", there's a bit of charge + perceived intentionality to the line breaks, which I don't exactly love personally, but it is very good as the poem goes on - especially as the end appears, which is why I don't mean to particularly disagree. I would say, by the line ""But we laughed"", what is being presented as a poem becomes much more poetic than before, leaning into theme exploration I call 'salt of the earth', with excellent development direction toward (and into) both 'reverie' and 'love'. Absolutely great for a beginner, and I'd comfortably say it can be supported into much higher quality if you were to write more like this later on (for all I know, you do).

A fair amount of why I decided to write this also relates to Vesurel's comment, because while all feedback is 100% fair and worth considering, hopefully you might understand why I consider the story-related details they brought up much less important than forms of artistic execution. Yes, those are examples of options they mentioned, and I know there are a lot of people who want to expand on story context within their own poem to the point of consciously being plain/simple/happy all the while. Fair enough, there is simply something to be said about an element of evocative charge within poetry that can be noticed at the end of your poem by stark contrast to the beginning.",1,2025-09-30 21:22
1nu988z,https://www.reddit.com/r/poetry_critics/comments/1nu988z/sweet_little_poem/,starlessspace,"This is very wholesome, and I agree with the description of ‚Äúsweet little poem.‚Äù I actually think the simplicity in the rhyme and structure is a strength. That said, it does read a bit like something you‚Äôd find in a holiday card, more in the style of the traditional ‚Äúroses are red, violets are blue‚Äù poems. If that‚Äôs what you were going for, then it works perfectly!

If you wanted to develop the language and metaphors further, you could try rewriting another version while keeping the same premise, and see if you can dig a little deeper than the surface level. I think that would be a fun writing challenge. Either way, I hope this helps and happy writing!",1,2025-09-30 12:57
1nuocv8,https://www.reddit.com/r/poetry_critics/comments/1nuocv8/insomnia/,Rorqual_Zen,"Not bad. Definitely something I tend to refer to as a 'sketch' of a poem, which is partially due to the length I suppose. I like your abstraction a lot, but it's kinda hard to say more about this example. I'm a very abstract poet and any time I see a significant intensity of abstract associations I'm glad to see that just on its own; unless of course that goes so far it can't reasonably make sense. I also sometimes call this theme an 'expression piece', which is also 'longing' in your case I suppose, so thematically there's good exploration and direction. I think you might benefit from writing out tons of similar lines, then sort of curating them, but idk. Just glad to see more Postmodern abstraction because I haven't seen it yet today",2,2025-09-30 22:54
1nuocv8,https://www.reddit.com/r/poetry_critics/comments/1nuocv8/insomnia/,maeeig,"thanks for reading and sharing your insight. Sometimes I try to keep poems purposely short. It forces me to try and distill down to the core of the emotion. In this case, I also felt like the brevity added to the sense of longing - short but wanting more.",1,2025-10-01 15:25
1nuocv8,https://www.reddit.com/r/poetry_critics/comments/1nuocv8/insomnia/,Rorqual_Zen,"You're welcome. Sounds good, just keep in mind that the impulse can turn eventually become a matter of dodging the opportunity to attempt completing material that'd be competitive/presentable to more discerning audiences. The intended audience is always an important factor, so whenever it's only yourself for the sake of catharsis, expression, experimentation or whatever, nothing really matters. A good option to consider as you develop might be [allpoetry.com](http://allpoetry.com), where you can try to find poets with a style you like and consider sharing comments, becoming their nerd friends regarding poetry and so on depending on your personal interest level.",1,2025-10-01 22:30
1nuocv8,https://www.reddit.com/r/poetry_critics/comments/1nuocv8/insomnia/,dopamin_clerk,"I like the first stanza, especially 'seams' and then 'sings' is really nice. I am not even sure why, but the ending is so nice, into hazy black. that with the previous lines makes me feel nice haha 

I feel a slight disconnect between the two stanzas though, there is a struggle for sleep, then a struggle with unrequited love. It either needs only one theme, or more depth to capture both effectively. 

1. go into the struggles of insomnia, what is it you want to capture with this issue

2. explore how insomnia and thoughts and love are intertwined more deeply

eg. something like: at night I often think of you... while counting seams of dark, I recount themes of us, laughing till our ribs hurt, my mind echoes the longing of my heart for its love, to sleep

eg. into hazy black... imagine the dreams I could have, my thoughts like ribbons wrapped around sheep, or strung together with colours to make them lull me to sleep... and maybe, I could escape this hell

Great themes though :)",2,2025-10-01 1:45
1nuocv8,https://www.reddit.com/r/poetry_critics/comments/1nuocv8/insomnia/,maeeig,"thank you, I really appreciate the thoughtful feedback. I see your point of disconnection. I think it has more to do with my selection of title perhaps? The poem isn't about insomnia - at least not the medical kind. The focus is meant to be more on the reflection about love - set in the scene of laying awake at night because you are going through those thoughts in your head. 

The title of insomnia was meant to enhance that perspective of thoughts/regrets etc that keep us up at night (like insomnia) as opposed to a focus on actual insomnia or the struggle of sleeping - a more succinct way of titling the poem ""thoughts that keep me up at night"". not sure if that makes a difference for you or not, I may still need more crossover between the two stanzas.",1,2025-10-01 14:21
1nvmji2,https://www.reddit.com/r/poetry_critics/comments/1nvmji2/death_arrives/,Rorqual_Zen,"Mmm, I like it. You had a very good thematic element in mind there (presented at the end), and I'm recalling how one of my favorite Sci Fi novels was written in a way that seems to have been entirely inspired by the concept 'choose again'. Something about this fact that we can choose... deserves more attention from artists of all kinds. Anyway, to sort of ground what I just said into your execution now, this poem is something like 'pretty good for a beginner' except your thematic development is still quite awesome. Loads of intermediate poets do not really do \* anything \* except explore some thought about their past, or describe a situation plainly, so I'm always glad to see directional momentum in thematic development handled well itself. Usually that shows potential. Otherwise, my suggestion for poems like this is to keep on writing similar stuff, maybe in different styles, but this one is great.",2,2025-10-01 23:07
1nvmji2,https://www.reddit.com/r/poetry_critics/comments/1nvmji2/death_arrives/,Emotional-Tadpole-92,Well done! This reads haunting and tender at once. I like how the repeated question pulls the reader back into the theme. The line about burning it all ‚Äúfor something pure‚Äù really stands out. The middle feels a bit vague though with words like ‚Äúlife and lust and being.‚Äù More concrete imagery there could make the ending‚Äôs soft ‚Äúlet‚Äôs try again‚Äù land even stronger.,2,2025-10-02 2:07
1nuso8g,https://www.reddit.com/r/poetry_critics/comments/1nuso8g/self_awareness/,Neither_Foot7427,No. YOU SHOULD LIVE.,1,2025-10-01 1:13
1nuvii7,https://www.reddit.com/r/poetry_critics/comments/1nuvii7/possible_poetry_collection/,mzingg3,"Use Submittable.com and submit them to journals for free. Get advice on them from friends, family, colleagues if you‚Äôre up for it. Keep writing.",1,2025-10-01 1:53
1nuvii7,https://www.reddit.com/r/poetry_critics/comments/1nuvii7/possible_poetry_collection/,Kat_Stratford_,Hmmmmm. ü§∑‚Äç‚ôÄÔ∏è,1,2025-10-01 1:56
1nuvii7,https://www.reddit.com/r/poetry_critics/comments/1nuvii7/possible_poetry_collection/,Affectionate-Tutor14,"Well, what‚Äôs the theme? What‚Äôs making you nervous?",1,2025-10-01 2:02
1nuvii7,https://www.reddit.com/r/poetry_critics/comments/1nuvii7/possible_poetry_collection/,Greedy_Brother_7196,It's a collection of 4 poems starting out with a small basic love/ obsession of someone where the¬† poet practically over glorifys his obsession and every poem you can slowly see the poet (me) become a incresinly unreliable narrator ending in a very masochistic/dark final poem that im worried would raise some concerns in my teacher considering it deals with themes such as SH and masochism I did express in my foreword and after word that I infact did not harm myself it's just I took my own thoughts some are just as severe as expressed but some are exaggerated severly so I'm hoping if I were to submit it shell understand¬†,2,2025-10-01 2:09
1nuvii7,https://www.reddit.com/r/poetry_critics/comments/1nuvii7/possible_poetry_collection/,Greedy_Brother_7196,Long story short I wrote this collection in order to keep my sanity over a 4 year obsession of a person who won't seem to leave my life¬†,1,2025-10-01 2:10
1nuvii7,https://www.reddit.com/r/poetry_critics/comments/1nuvii7/possible_poetry_collection/,Affectionate-Tutor14,"I would, if I were you: shelve this one &amp; now that you‚Äôve got this out of your system, there‚Äôs a clean slate, a tabula rasa. I think you‚Äôll look back &amp; think that was a good move brother. 
üòäüëç",1,2025-10-01 2:13
1nu4bp1,https://www.reddit.com/r/poetry_critics/comments/1nu4bp1/love_and_life_arent_for_me/,goodenough4now,"There's a few things in this poem that really work for me! The swings between sorrow and longing, to moments of anger ""too fucking much"" is quite evocative of the undulations of a breaking heart. I also don't mind a little self referential moment, reminding the reader that we're reading a poem, a piece of art written by a real person, it feels grounding while also a source of identification.

  
My critique is that i find some of the rhymes a bit forceful; the way the previous lines are structured makes me sort of anticipate what's going to be said next, if that makes sense. I think that a bit more imagery could be added amongst the affect too, like a description of 'deep depression', what that feels specifically to the writer would hit harder than the more clinical language I think.

  
I appreciate the vulnerability and reach for description of the human experience! Keep writing!",2,2025-09-30 5:35
1nu4bp1,https://www.reddit.com/r/poetry_critics/comments/1nu4bp1/love_and_life_arent_for_me/,Comet-d,"Thank you, I really appreciate your critique! The idea of imagery is clever to add to this, so thank you for your input, and I was trying to get the point across that this is a human I was writing about, I'm glad it got to you and you understood it. I was going for the raw experience that not every human likes living and it's hard, not for everyone, but it is.

Thank you again!",2,2025-09-30 5:57
1nu4bp1,https://www.reddit.com/r/poetry_critics/comments/1nu4bp1/love_and_life_arent_for_me/,That_Swordfish_6519,"Nous avons mal pour ce que √ßa projette,
Parfois les exp√©riences humaines peuvent cr√©er des ins√©curit√©s, 
Elles projettent nos plus grandes peurs.
 Te sens-tu rejet√© ? Trahi? L'amour est un √©change, ce n'est pas un jeu de balle mais un jeu de confiance. 
Tu parles de vouloir mourir mais connais-tu la douleur de la mort? L'agonie d'un mourant ?
 Effectivement quand l'amour prend, elle rend aveugle, devenant le miroir de l'autre, l'illusion de nos ins√©curit√©s. Nous nous couchons sur les quelques mots et baisers de celui qu'on r√™ve sans nous demander si ces pens√©es sont partag√©es. Nous pensons, pensons m√™me beaucoup, mais ne communiquons jamais ouvertement des zones d'ombres. T'es tu d√©j√† demand√© ce que √ßa fait de ce sentir diff√©rent?De ne jamais rentrer dans le moule? Dois-je continuer √† √™tre moi? M'accepter?Ou dois-je faire semblant pour rendre heureux ceux que tu n'estimes m√™me pas? N'est ce pas en acceptant ce que nous sommes que nous trouvons alors notre moiti√© ? 
Et je te dirais, la vie continue, sinon pourquoi donc ecris-tu? Commences d√©j√† par avoir de l'amour sinc√®re pour toi sinon comment veux tu en donner?",2,2025-09-30 9:31
1nv9fb1,https://www.reddit.com/r/poetry_critics/comments/1nv9fb1/rainbows/,annabhoney,"Interesting! Is the formatting and grammar intentional and if so why? (e.g., ""their there"")",1,2025-10-01 16:42
1nu2sj4,https://www.reddit.com/r/poetry_critics/comments/1nu2sj4/corridors_in_my_mind/,goodenough4now,"I really get the sense of alienation that's being described, feeling like a specter in a world that can't meet you. My favorite line is ""it's like a one way window with a one way view"", i can really picture standing and looking out, the sort of cold feeling of seeing but not feeling seen. 

  
I think the thing I'm looking for more in this poem is some sort of movement in the world that's being described. It feels almost looking at a static image, which is maybe some of the intended effect, but I feel like some motion in the description, a bit of a story to follow. I am sort of left wondering how the writer got to this world, this emotional place. What sort of hollowing experience was endured? Or what happens in the arc of living inside a self that feels like this?",1,2025-09-30 5:42
1nu2sj4,https://www.reddit.com/r/poetry_critics/comments/1nu2sj4/corridors_in_my_mind/,Kat_Stratford_,"Thanks. I kind of wanted to capture the feeling of living as a depressed person. Its always static, always empty.¬† You feel like a walking ghost",1,2025-09-30 5:46
1nty75t,https://www.reddit.com/r/poetry_critics/comments/1nty75t/the_fixer_upper/,GoodGirlsStand,"Yesssss, great central idea! You explore the metaphor in detail and take it to its logical conclusion, which is hard to do in a satisfying way. Nice work! I really like ‚Äúshe threw her waist down the stairs.‚Äù It‚Äôs unexpected. It actually reminded me a little of language poetry, like Gertrude Stein? I‚Äôm also getting Plath, like Lady Lazarus.

Anyway, I think this is nearly done! I do think the title could be improved‚Äî it‚Äôs clever, but that‚Äôs all it is. Something weirder maybe?

The last part has a little grammatical ambiguity. ‚ÄúShe had forgotten how to fit// a mound of bolts, joists and nails‚Äù into what? The next line is ‚Äúhere the woman lies etc‚Äù which would seem to be a new thought. Edit for clarity is all I‚Äôm saying :)

Contentwise, this really resonated with me. ‚ÄúHere the woman lies/ not quite fixed.‚Äù Never quite fixed, eh? After all that work one is still in a heap.

Awesome poem.",1,2025-09-30 7:57
1ntxnf8,https://www.reddit.com/r/poetry_critics/comments/1ntxnf8/untitled_planning_to_turn_to_a_folk_song_would/,dr_funny,"&gt;the shade of a tree showering me with love

""the warm shower of a tree shading me with love"" 

You asked about interpretation. The meaning is: A singer who is troubled with shame is alone and unable to sing. The source of shame is not given, but it seems to be about doomed love. The singer seems to accept his abjection and gracefully expresses awareness of a world that provides warmth and singing.",2,2025-09-30 1:38
1ntxnf8,https://www.reddit.com/r/poetry_critics/comments/1ntxnf8/untitled_planning_to_turn_to_a_folk_song_would/,Its-Reckless05,"hmm interesting take. what i mostly had in mind writing this is the tree itself, not being a metaphor for a lover, turned its back on the artist. he thought he could reciprocate something what nature provided, but as he did it had left him unattended to. hence ‚Äúthe moonlight shaped only me‚Äù which provides the idea that he is his own world, that even nature and the tree being a part of it isn‚Äôt there. and the last verse had a kind of seasonal change theme, beginning with summer, but the seasons moved while he was still burning in the summer. the birds where singing in the warm sun of spring, while he walked away on his silent road, again providing the idea of him being in alienated from everything, the birds were singing, just not on his road. alienation was the whole concept that i had started and concluded on as i was writing this. do you think the wording supported the vision enough? it seems decently vague, but that i‚Äôm fine with as long as it could still be a bit clear. i really appreciate this btw! thank you",1,2025-10-01 1:42
1nturjm,https://www.reddit.com/r/poetry_critics/comments/1nturjm/ode_to_a_nyc_star/,ButterflyEnough9152,"I‚Äôve never been to NYC but I love the image this created in my mind! The ‚Äòbeards of winter untrimmed‚Äô is such a wonderful line. I‚Äôm a novice to poetry writing/criticism but all I can say is this poem made me feel cozy and warm. It paints a palette of vast, vivid colours in my mind.",2,2025-09-30 0:02
1nturjm,https://www.reddit.com/r/poetry_critics/comments/1nturjm/ode_to_a_nyc_star/,connerschiffman,Thank you that means a lot!,1,2025-09-30 0:04
1ntrcts,https://www.reddit.com/r/poetry_critics/comments/1ntrcts/spare_me_my_days/,New_Muffin9649,I really like the flow of this; your wording has personality and makes me smile. The only suggestion I have is maybe break the stanzas up? Giving the reader more breaks. It's completely a preference though.,2,2025-09-29 20:26
1ntrcts,https://www.reddit.com/r/poetry_critics/comments/1ntrcts/spare_me_my_days/,Other-Okra6375,"Thank you, and very good point about the formatting!",1,2025-09-29 20:46
1ntrcts,https://www.reddit.com/r/poetry_critics/comments/1ntrcts/spare_me_my_days/,Other-Okra6375,"https://preview.redd.it/cf07hkp2icsf1.jpeg?width=1170&amp;format=pjpg&amp;auto=webp&amp;s=37fc6a15b0189161c588dc5f9807cf9c09588840

Edit: here with correct formatting",1,2025-09-30 18:28
1nvdrfl,https://www.reddit.com/r/poetry_critics/comments/1nvdrfl/i_think_i_might_have_lost_it/,Confident-Till8952,"Writing can be painful. So this aspect is relatable, if this is a theme within the poem. 

However, I thought to bring to attention..

The word contrived here. 

It implies this ‚Äúdreamy gaze‚Äù is false, in some way. 

Like a contrived look. Not completely genuine or organic. 

Maybe someone trying to accomplish an ethereal mood, by making a face‚Ä¶ but not quite entering the bliss. 

Was this intended? 

Also with a whoop of my four bearers? 

Is this a pun? Or do you mean ‚Äúforebears?‚Äù 

Also what is meant by whoop? 

Let me know what you think? :)",2,2025-10-01 17:39
1nvdrfl,https://www.reddit.com/r/poetry_critics/comments/1nvdrfl/i_think_i_might_have_lost_it/,Federal_Anywhere_559,"Yes it was intended, and yes that is a pun. It was my intention to make you think and it worked TvT

Whoop I used to describe motion 

Tysm for ur response, appreciate it!!",1,2025-10-01 17:46
1nvdrfl,https://www.reddit.com/r/poetry_critics/comments/1nvdrfl/i_think_i_might_have_lost_it/,Confident-Till8952,"Ahh so its like, trying to get focused 

Thats interesting 

So is there a special meaning to ‚Äúfour bears‚Äù or just a trick?",1,2025-10-01 18:01
1nvdrfl,https://www.reddit.com/r/poetry_critics/comments/1nvdrfl/i_think_i_might_have_lost_it/,Federal_Anywhere_559,"You hold your pen with your four bearers, they bear the weight and are responsible for everything you do with them, i tried wordplay that's it 

Btw what do u make of the whole poem?",1,2025-10-02 3:56
1nv0m54,https://www.reddit.com/r/poetry_critics/comments/1nv0m54/returning_home/,ceapDSP_,I'm very new to poetry so take this with a grain of salt but I thought it was great very heartfelt and tells a beautiful story,1,2025-10-01 12:03
1nvjb3k,https://www.reddit.com/r/poetry_critics/comments/1nvjb3k/one/,Rorqual_Zen,"Fair enough overall. It looks like you structured and executed this about as well as possible considering what the intended thematic exploration must have been. At first I thought you were going to refer to aspects of one person's psyche/character/life, and then when both Mother and Father appeared I thought that must not be the case, and then by the end it looked like you did mean something like ""We can all be kinda mothering sometimes, you know?"", which is a bit of a stretch, just not all the way. For example, the term Fathering isn't always a viable term regarding behavior because Mothers do the same thing, and are they now fathering, just because the Father can Mother through their behavior? Or is Fathering a biological reproductive role? See my point? This is a very simplistic and light poem, so I'm not being heavy about this level of critique myself, I'm only pointing out that many people reading this will be thrown for a bit of a conceptual loop which I'd imagine you probably didn't intend.",1,2025-10-01 23:31
1nvjb3k,https://www.reddit.com/r/poetry_critics/comments/1nvjb3k/one/,Outrageous-Emu373,I am so utterly astounded‚Ä¶ the depths that you have reached while dissecting this piece honours it.   I am truly humbled thank you,1,2025-10-02 0:39
1nvjb3k,https://www.reddit.com/r/poetry_critics/comments/1nvjb3k/one/,Outrageous-Emu373,And conceptual loop intended,1,2025-10-02 0:40
1nuxa9t,https://www.reddit.com/r/poetry_critics/comments/1nuxa9t/would_love_to_see_what_you_peeps_think/,WholesomeLove280,"I think you expressed your feelings. It‚Äôs a little confusing. But hey, salmon is absolutely a kings food!",1,2025-10-01 4:05
1nvkuki,https://www.reddit.com/r/poetry_critics/comments/1nvkuki/this_is_a_concept_of_the_mirror_reflection/,RCx_Vortex,"I‚Ä¶ forgot to write it in the title but I‚Äôm still thinking about what to call it. I WAS thinking something like‚Äùthe ladybug‚Äôs tango‚Äù

ALSO‚Ä¶

I have no idea why there‚Äôs no breaks in between each line‚Ä¶ I‚Äôve no clue how to fix that because I wrote it",1,2025-10-01 21:19
1nun2q6,https://www.reddit.com/r/poetry_critics/comments/1nun2q6/godwranglers/,annabhoney,love this. It's different and exciting and I loved reading it out loud. I'm really curious about the formatting and if it's all intentional or if some of it is victim to reddit constraints.,1,2025-09-30 21:38
1nun2q6,https://www.reddit.com/r/poetry_critics/comments/1nun2q6/godwranglers/,Bakrom3,Thank you so much! I‚Äôve just seen how my post looks‚Ä¶ there‚Äôs meant to be some line breaks lol,1,2025-09-30 21:50
1nuh9l9,https://www.reddit.com/r/poetry_critics/comments/1nuh9l9/the_golden_appartment_by_jeanne_vessantra/,Rorqual_Zen,"Not bad. A lot of this is artful and creative. Good theme exploration and development through 'longing', 'loss', and maybe touches of 'reverie', but there's a lot of stylistic shifting into letter-like plain language and lines that read more like thinking about the poetic theme through your finger tips than you may prefer over time. I'd say it's pretty much impossible to make a style out of that, but obviously after Postmodern realizations we've had in the West, you can try just about anything as long as it doesn't fully break down into prose or simply bore the heck out of your intended audience.

It's worth noting that the intended audience can (and will for most people while they learn) be literally no one, which I'd suggest is where intensely significant progress can be made regarding artistic refinement. In this case I'd imagine either a person you were writing about may be the intended audience, or of course you may have been simply modeling your thoughts in relation to a fictitious person. Usually, when you're writing poetry for a person, so much of what you write becomes charged with stuff you intend them to hear like the meaning 'packs a punch' in some way, which is very much the opposite of generalized artistic depth that people might approach as complete strangers.

I say all of this because some lines in here I do like, I simply had to kinda treat this like there are multiple poems that mixed together in stylistic presentation for one reason or another. From my perspective, the best lines begin with:

Here, inside the Golden Apartment, countless things remain unsaid.  
Words fall out through the large windows into movie-like streets,  
chasing the childish shadow of a man ‚Äî his shadow.  
My elbows ache against the stone-hard sill;

Now that is one heck of a switcheroo compared to many of your other lines like:

Because you are my soul, and I cannot ignore  
the greatness of the power you hold.  
I love you, but you are not here.  
I would love if you could see  
how this world turns without your will,  
how every time you scream, I sting,  
how I am alone even when you do not leave.

See my point? I could get into the weeds and pick apart many more differences whether or not they may be as stark as my examples, but suffice it to say that my first example of lines in your poem have much more of an evocative charge to them. With that being said, it's also worth noting that a lot of poets overtly prefer being plain/simple/happy, like those folks who rhyme in strict format about stuff that happened in their lives (like just recalling events lol). Everyone can do their own thing, but your title is Golden Apartment, and when you finally mentioned it directly your poem dropped into what I consider a far better poetic style that could simply be developed, allowing the whole poem to become much shorter in a targeted/refined manner.",2,2025-09-30 20:25
1nuh9l9,https://www.reddit.com/r/poetry_critics/comments/1nuh9l9/the_golden_appartment_by_jeanne_vessantra/,JeanneVessantra00,"Your point about refining toward the more evocative mode is useful. I may experiment with condensing the poem into a shorter, more targeted piece that leans on imagery rather than confession. I‚Äôm curious to see what happens if I cut back the letter-voice and let the apartment speak more strongly.",2,2025-10-01 3:22
1nuh9l9,https://www.reddit.com/r/poetry_critics/comments/1nuh9l9/the_golden_appartment_by_jeanne_vessantra/,Rorqual_Zen,"Awesome, it sounds like you got my point exactly. Enjoy the exploration!",1,2025-10-01 4:56
1nud0jf,https://www.reddit.com/r/poetry_critics/comments/1nud0jf/pilgrim/,Vesurel,"This is fun and I like the story. The one question I'd have is why you went with an AA BB CC... rhyme scheme? Do you have a specific artistic or aesthetic purpose to using one. Something I see new poets do a lot is write to a rhyme scheme out of a sense that that's what poetry should do. If that's why you choose to I'd suggest trying this again without worrying about having your rhymes in the same place each time.

As an example

\&gt;A future shines bright in its reflection.  
\&gt;I steer my boat in that direction.

Both of these are lines are fine on their own, but in a poem where every pair of lines follows the same pattern they can blend in with the rest. And there's a risk that you'll end up contorting your sentences into uncomfortable orders just so the right words come at the right times. Or writing lines you don't need narratively just to have a rhyme.  You can trust your audience to notice rhymes even if they aren't always at the end. For example,

\&gt;A future shines bright in it's reflection  
\&gt;That's the direction I steer my boat

That's an alternative order (not saying it's better) that still keeps the repeated sounds but doesn't conform to your pattern as rigidly. The reader will still notice what you did there, and this way they'll know they can't always expect rhymes in the same place, meaning there less likely to be distracted guessing what's next. The worst thing that can happen is the reader coming up with better lines while they're reading and a regular pattern makes that easier for them to do. That's why being surprising helps, surprises show the audience you know this story better than them.

As a side not something about 'in that direction' feels vague to me, you've already said what you have to say about that direction in the previous line so referring back to it without adding anything new feels off somehow. 

In summary, I'd go line by line and ask 'what does this add to my poem?' and 'does this work best as AA BB etc?'. If I'm right (and that's a big if) you could find that you get more done more smoothly with a more free verse style. If you do decide that the rigid format is for you, then that's valid too, but then you've got to try really hard to keep your word choices impactful and surprising when the audience know what's coming structurally.  You do this well with you last two lines, swim and pilgrim is a novel rhyme and it's a nice 'punchline' at the end. The contrast between the two images works well as a surprise (similarly with cotton and rotten), whereas in most other cases the ideas you rhyme with each other are complimentary. Like rhyming  tethered and weathered.

Let me know if this could be clearer, but good job getting it written at all and thanks for sharing.",2,2025-09-30 14:43
1nud0jf,https://www.reddit.com/r/poetry_critics/comments/1nud0jf/pilgrim/,Rorqual_Zen,"Awesome comment. My reply here is essentially a big \* this! \*. Very well balanced, and I have the same viewpoint.",2,2025-09-30 21:33
1nud0jf,https://www.reddit.com/r/poetry_critics/comments/1nud0jf/pilgrim/,Vesurel,Thanks.,1,2025-09-30 21:38